{
    "3983283-1626888159": {
        "nombre": "david",
        "salas": {
            "1E1ZLV": {
                "x": 598.487243652344,
                "y": -8.33539009094238
            },
            "RMH74I": {
                "x": -4.86761713027954,
                "y": -54.8802452087402
            },
            "XQ3JCN": {
                "x": 619.021240234375,
                "y": 243.269241333008
            },
            "GSNZ6S": {
                "x": 1004.74407958984,
                "y": 50.1607437133789
            },
            "6468WY": {
                "x": 1046.02722167969,
                "y": -12.8732452392578
            },
            "NAAY3L": {
                "x": 434.204010009766,
                "y": 27.785400390625
            },
            "USKKBM": {
                "x": 434.204010009766,
                "y": 27.785400390625
            },
            "VBWVF7": {
                "x": 829.74072265625,
                "y": 71.1546173095703
            }
        }
    },
    "2119399-3242234789": {
        "nombre": "Dav",
        "salas": {
            "GSNZ6S": {
                "x": 400.8291015625,
                "y": -53.702709197998
            }
        }
    }
}